ell_over_ell_ext,ell,Momega,k_static,metric_ratio_real,metric_ratio_imag,metric_ratio_static_real,metric_ratio_static_imag,k_dynamic_real,k_dynamic_imag,delta_k_real,delta_k_imag,window_fit_rms,window_max_residual,maximum_omega_r
0.0,0.0,0.002,0.0,-0.9847379138453404,0.004267085213571135,-0.9843280577470465,0.0,-1.5751748826761075e-05,-0.004267085213571135,-1.5751748826761075e-05,-0.004267085213571135,1.356209667151693e-09,1.872678319092641e-09,0.032
0.1,0.07698003589195011,0.002,0.0008532848533869884,-0.9676635474761665,0.004197630469709387,-0.9672615070080797,0.0,0.0008373044943230536,-0.004197630469709387,-1.59803590639348e-05,-0.004197630469709387,1.3764691028538867e-09,1.9006529065791536e-09,0.032
0.2,0.15396007178390023,0.002,0.00794594636782332,-0.9174954332711375,0.003992590526694116,-0.9171150349951105,0.0,0.007929244637606586,-0.003992590526694116,-1.6701730216733476e-05,-0.003992590526694116,1.4336414468478042e-09,1.979597491396312e-09,0.032
0.3,0.2309401076758503,0.002,0.03486408588465715,-0.837382550239473,0.0036619006856898257,-0.8370326716538581,0.0,0.03484607491076748,-0.0036619006856898257,-1.8010973889669157e-05,-0.0036619006856898257,1.5635878128133876e-09,2.1590297341350692e-09,0.032
0.4,0.30792014356780045,0.002,0.10420564304165504,-0.7325180174911916,0.0032219981132429842,-0.7322008372334559,0.0,0.10418560974650783,-0.0032219981132429842,-2.0033295147214858e-05,-0.0032219981132429842,1.678062222134692e-09,2.3170980252268472e-09,0.032
0.5,0.3849001794597505,0.002,0.24749631053450952,-0.6100489375743737,0.0026956542890150853,-0.6097604895146952,0.0,0.24747344071957836,-0.0026956542890150853,-2.2869814931159027e-05,-0.0026956542890150853,1.8918042108569917e-09,2.6122367474143036e-09,0.032
0.6,0.4618802153517006,0.002,0.5050403320994054,-0.47893241081015525,0.002111782162295954,-0.47866630334771115,0.0,0.5050138027188117,-0.002111782162295954,-2.6529380593665053e-05,-0.002111782162295954,2.128129266309575e-09,2.938558567958811e-09,0.032
0.7,0.5388602512436507,0.002,0.9256747010331015,-0.3497103984128159,0.0015053018454877656,-0.34946552571761574,0.0,0.9256438658225418,-0.0015053018454877656,-3.083521055968763e-05,-0.0015053018454877656,2.4927401348187367e-09,3.442019710374155e-09,0.032
0.8,0.6158402871356009,0.002,1.5663862815145428,-0.23414333276507662,0.0009173036919124095,-0.2339363111456923,0.0,1.5663509629635992,-0.0009173036919124095,-3.5318550943630456e-05,-0.0009173036919124095,2.8897842559497878e-09,3.990265262221059e-09,0.032
0.9,0.6928203230275509,0.002,2.4917423799395757,-0.14454272112745795,0.0003963448724323255,-0.14442568602850633,0.0,2.491703295987264,-0.0003963448724323255,-3.9083952311891323e-05,-0.0003963448724323255,3.5055742909695258e-09,4.840559044701599e-09,0.032
0.95,0.731310340973526,0.002,3.083217838258705,-0.11313896182882836,0.00017946194183252268,-0.11310386572556794,0.0,3.0831775842042055,-0.00017946194183252268,-4.025405449947783e-05,-0.00017946194183252268,3.729426382516987e-09,5.149657975854841e-09,0.032
0.99,0.762102355330306,0.002,3.626768189029337,-0.09551168162858499,3.4999797958444426e-05,-0.09556850228438796,0.0,3.6267275754741664,-3.4999797958444426e-05,-4.0613555170487814e-05,-3.4999797958444426e-05,4.705552922231762e-09,6.4975107835370065e-09,0.032
0.0,0.0,0.004,0.0,-0.9846918732175834,0.008536687351248256,-0.9843280577470465,0.0,-6.179237658363803e-05,-0.008536687351248256,-6.179237658363803e-05,-0.008536687351248256,5.5950200812754694e-08,7.725702784110432e-08,0.064
0.1,0.07698003589195011,0.004,0.0008532848533869884,-0.9676168204320411,0.008397751568013118,-0.9672615070080797,0.0,0.0007905774501974051,-0.008397751568013118,-6.270740318958334e-05,-0.008397751568013118,5.6030803763898524e-08,7.73683258230323e-08,0.064
0.2,0.15396007178390023,0.004,0.00794594636782332,-0.9174465414139078,0.00798759301415598,-0.9171150349951105,0.0,0.007880352780376434,-0.00798759301415598,-6.559358744688548e-05,-0.00798759301415598,5.625932437272378e-08,7.768387112550658e-08,0.064
0.3,0.2309401076758503,0.004,0.03486408588465715,-0.8373297283377128,0.007326083116172398,-0.8370326716538581,0.0,0.03479325300900678,-0.007326083116172398,-7.08328756503715e-05,-0.007326083116172398,5.6650504008319064e-08,7.822401889189679e-08,0.064
0.4,0.30792014356780045,0.004,0.10420564304165504,-0.7324591275427541,0.0064460977351576765,-0.7322008372334559,0.0,0.1041267197980702,-0.0064460977351576765,-7.892324358484137e-05,-0.0064460977351576765,5.7218687429347204e-08,7.900857661895022e-08,0.064
0.5,0.3849001794597505,0.004,0.24749631053450952,-0.6099815347268133,0.005393182301904225,-0.6097604895146952,0.0,0.24740603787201806,-0.005393182301904225,-9.027266249145294e-05,-0.005393182301904225,5.796328102552059e-08,8.003672463905712e-08,0.064
0.6,0.4618802153517006,0.004,0.5050403320994054,-0.4788540262048938,0.0042251664686622755,-0.47866630334771115,0.0,0.5049354181135505,-0.0042251664686622755,-0.00010491398585488199,-0.0042251664686622755,5.889652646360415e-08,8.132536646240725e-08,0.064
0.7,0.5388602512436507,0.004,0.9256747010331015,-0.34961909159703064,0.003011895848678622,-0.34946552571761574,0.0,0.9255525590067566,-0.003011895848678622,-0.0001221420263448625,-0.003011895848678622,6.009389339879231e-08,8.297871192502143e-08,0.064
0.8,0.6158402871356009,0.004,1.5663862815145428,-0.23403857239215148,0.0018355584726907409,-0.2339363111456923,0.0,1.566246202590674,-0.0018355584726907409,-0.00014007892386880272,-0.0018355584726907409,6.162499395121731e-08,8.509288267488954e-08,0.064
0.9,0.6928203230275509,0.004,2.4917423799395757,-0.14442666149285047,0.0007932768226093478,-0.14442568602850633,0.0,2.4915872363526566,-0.0007932768226093478,-0.00015514358691914865,-0.0007932768226093478,6.383016550697242e-08,8.813782260005154e-08,0.064
0.95,0.731310340973526,0.004,3.083217838258705,-0.11301938952146151,0.0003593207500555411,-0.11310386572556794,0.0,3.0830580118968385,-0.0003593207500555411,-0.00015982636186651078,-0.0003593207500555411,6.522428686666619e-08,9.006285005555597e-08,0.064
0.99,0.762102355330306,0.004,3.626768189029337,-0.09539099500409005,7.023811664738849e-05,-0.09556850228438796,0.0,3.6266068888496714,-7.023811664738849e-05,-0.00016130017966542454,-7.023811664738849e-05,6.627113096968463e-08,9.150835092663043e-08,0.064
0.0,0.0,0.006,0.0,-0.98462641867341,0.012811324707285635,-0.9843280577470465,0.0,-0.00012724692075764604,-0.012811324707285635,-0.00012724692075764604,-0.012811324707285635,6.18138868746929e-07,8.535370936781772e-07,0.096
0.1,0.07698003589195011,0.006,0.0008532848533869884,-0.9675502200334385,0.012602855234078173,-0.9672615070080797,0.0,0.0007239770515948562,-0.012602855234078173,-0.0001293078017921322,-0.012602855234078173,6.182544709541715e-07,8.536967192525391e-07,0.096
0.2,0.15396007178390023,0.006,0.00794594636782332,-0.9173763268545035,0.01198742073004954,-0.9171150349951105,0.0,0.007810138220971851,-0.01198742073004954,-0.0001358081468514679,-0.01198742073004954,6.1860996657141e-07,8.541875938946925e-07,0.096
0.3,0.2309401076758503,0.006,0.03486408588465715,-0.8372529535333779,0.010994830360733234,-0.8370326716538581,0.0,0.0347164782046719,-0.010994830360733234,-0.00014760767998524965,-0.010994830360733234,6.191879634267642e-07,8.549857021855851e-07,0.096
0.4,0.30792014356780045,0.006,0.10420564304165504,-0.7323722241294912,0.009674401668797666,-0.7322008372334559,0.0,0.10403981638480725,-0.009674401668797666,-0.0001658266568477923,-0.009674401668797666,6.200388074825616e-07,8.561605627213918e-07,0.096
0.5,0.3849001794597505,0.006,0.24749631053450952,-0.6098804241138117,0.008094459017421406,-0.6097604895146952,0.0,0.24730492725901654,-0.008094459017421406,-0.00019138327549297895,-0.008094459017421406,6.211674457597793e-07,8.577190064363843e-07,0.096
0.6,0.4618802153517006,0.006,0.5050403320994054,-0.47873458981507455,0.006341756224008046,-0.47866630334771115,0.0,0.504815981723731,-0.006341756224008046,-0.00022435037567436478,-0.006341756224008046,6.2260942083064e-07,8.597101111433527e-07,0.096
0.7,0.5388602512436507,0.006,0.9256747010331015,-0.3494780924182805,0.004521075189935408,-0.34946552571761574,0.0,0.9254115598280063,-0.004521075189935408,-0.00026314120509518535,-0.004521075189935408,6.245287122169384e-07,8.623603026692787e-07,0.096
0.8,0.6158402871356009,0.006,1.5663862815145428,-0.23387512301631114,0.0027557162703043467,-0.2339363111456923,0.0,1.5660827532148338,-0.0027557162703043467,-0.0003035282997090327,-0.0027557162703043467,6.271214719553039e-07,8.659404312189871e-07,0.096
0.9,0.6928203230275509,0.006,2.4917423799395757,-0.14424435350140716,0.0011913835368961823,-0.14442568602850633,0.0,2.491404928361213,-0.0011913835368961823,-0.0003374515783627352,-0.0011913835368961823,6.310470930124984e-07,8.713609982751546e-07,0.096
0.95,0.731310340973526,0.006,3.083217838258705,-0.11283121517673352,0.0005399732641906962,-0.11310386572556794,0.0,3.0828698375521104,-0.0005399732641906962,-0.0003480007065945756,-0.0005399732641906962,6.338068951549435e-07,8.751717819337046e-07,0.096
0.99,0.762102355330306,0.006,3.626768189029337,-0.09520097876405996,0.00010594022140302922,-0.09556850228438796,0.0,3.6264168726096413,-0.00010594022140302922,-0.0003513164196955465,-0.00010594022140302922,6.360872431223998e-07,8.783205267791663e-07,0.096
