model,ell_over_ell_ext,ell_over_M,omega_M,static_response_over_M5,direct_ratio_zero_real,direct_ratio_real,direct_ratio_imag,dynamic_response_over_M5,finite_frequency_correction_over_M5,static_match_residual,dynamic_match_residual,maximum_omega_r
bardeen,0.0,0.0,0.002,2.972914488089336e-10,2.972914488089336e-10,0.000233817792962763,0.025602757268483958,0.000233817792962763,0.0002338174956713142,6.128689306664138e-11,1.2543556323489932e-10,0.032
bardeen,0.0,0.0,0.004,2.972914488089336e-10,2.972914488089336e-10,0.0009352873729473024,0.05122206017603998,0.0009352873729473024,0.0009352870756558536,6.128689306664138e-11,2.4857857334445575e-10,0.064
bardeen,0.0,0.0,0.006,2.972914488089336e-10,2.972914488089336e-10,0.002104479586637367,0.0768744656091214,0.002104479586637367,0.002104479289345918,6.128689306664138e-11,5.80688849007584e-10,0.096
bardeen,0.1,0.07698003589195011,0.002,0.0002947555714278117,0.0002947555714278117,0.0005247884846506941,0.025000183353947273,0.0005247884846506941,0.00023003291322288243,7.496711113214385e-11,1.4558686784546647e-10,0.032
bardeen,0.1,0.07698003589195011,0.004,0.0002947555714278117,0.0002947555714278117,0.0012149072819680991,0.05001660105614179,0.0012149072819680991,0.0009201517105402874,7.496711113214385e-11,3.35329227203509e-10,0.064
bardeen,0.1,0.07698003589195011,0.006,0.0002947555714278117,0.0002947555714278117,0.0023651838110696636,0.07506549843209039,0.0023651838110696636,0.002070428239641852,7.496711113214385e-11,3.780443560722985e-10,0.096
bardeen,0.2,0.15396007178390023,0.002,0.004705309930347312,0.004705309930347312,0.004924183433207425,0.023243635428946717,0.004924183433207425,0.00021887350286011343,6.054926456056098e-10,1.66233137460192e-10,0.032
bardeen,0.2,0.15396007178390023,0.004,0.004705309930347312,0.004705309930347312,0.005580833965137045,0.046502589432159534,0.005580833965137045,0.0008755240347897335,6.054926456056098e-10,6.134800541419674e-11,0.064
bardeen,0.2,0.15396007178390023,0.006,0.004705309930347312,0.004705309930347312,0.00667533762181586,0.06979219111589423,0.00667533762181586,0.0019700276914685483,6.054926456056098e-10,6.937148330193808e-10,0.096
bardeen,0.3,0.2309401076758503,0.002,0.02372915269508094,0.02372915269508094,0.02393008622126252,0.02048404596550437,0.02393008622126252,0.00020093352618157784,2.561037635434582e-09,8.147338499957168e-10,0.032
bardeen,0.3,0.2309401076758503,0.004,0.02372915269508094,0.02372915269508094,0.02453294712062864,0.040981944623017616,0.02453294712062864,0.0008037944255476978,2.561037635434582e-09,7.847310512263001e-10,0.064
bardeen,0.3,0.2309401076758503,0.006,0.02372915269508094,0.02372915269508094,0.025537812298714737,0.06150755854516368,0.025537812298714737,0.0018086596036337964,2.561037635434582e-09,1.6174197438168966e-09,0.096
bardeen,0.4,0.30792014356780045,0.002,0.07458735323262362,0.07458735323262362,0.07476460531731614,0.01696422773485257,0.07476460531731614,0.00017725208469251963,7.410268065832781e-09,2.734472539458072e-09,0.032
bardeen,0.4,0.30792014356780045,0.004,0.07458735323262362,0.07458735323262362,0.07529649218450866,0.03394038237058542,0.07529649218450866,0.0007091389518850411,7.410268065832781e-09,2.7259011093393536e-09,0.064
bardeen,0.4,0.30792014356780045,0.006,0.07458735323262362,0.07458735323262362,0.07618307805898701,0.050940399474287,0.07618307805898701,0.0015957248263633872,7.410268065832781e-09,3.529387791037381e-09,0.096
bardeen,0.5,0.3849001794597505,0.002,0.18079938642996335,0.18079938642996335,0.18094877582207525,0.013005334510872829,0.18094877582207525,0.00014938939211189828,1.643555647135031e-08,6.01423156111117e-09,0.032
bardeen,0.5,0.3849001794597505,0.004,0.18079938642996335,0.18079938642996335,0.1813972025380431,0.02602033503130807,0.1813972025380431,0.0005978161080797406,1.643555647135031e-08,6.129526380190174e-09,0.064
bardeen,0.5,0.3849001794597505,0.006,0.18079938642996335,0.18079938642996335,0.1821447005905389,0.03905467485537966,0.1821447005905389,0.0013453141605755392,1.643555647135031e-08,7.1141335669032104e-09,0.096
bardeen,0.6,0.4618802153517006,0.002,0.37155860995217044,0.37155860995217044,0.37167815231183354,0.00898690457258733,0.37167815231183354,0.00011954235966310511,2.99569675732414e-08,1.1188030155131477e-08,0.032
bardeen,0.6,0.4618802153517006,0.004,0.37155860995217044,0.37155860995217044,0.37203722302911596,0.017981037470455534,0.37203722302911596,0.00047861307694552213,2.99569675732414e-08,1.125280735581848e-08,0.064
bardeen,0.6,0.4618802153517006,0.006,0.37155860995217044,0.37155860995217044,0.37263579822409426,0.026989633002845296,0.37263579822409426,0.0010771882719238235,2.99569675732414e-08,1.2143111302443299e-08,0.096
bardeen,0.7,0.5388602512436507,0.002,0.6808696587042783,0.6808696587042783,0.6809603526046023,0.005319020199290197,0.6809603526046023,9.069390032401259e-05,4.699139233288463e-08,1.745282196552149e-08,0.032
bardeen,0.7,0.5388602512436507,0.004,0.6808696587042783,0.6808696587042783,0.6812331116040308,0.010642844514697452,0.6812331116040308,0.0003634528997524811,4.699139233288463e-08,1.758822334989466e-08,0.064
bardeen,0.7,0.5388602512436507,0.006,0.6808696587042783,0.6808696587042783,0.6816878306552274,0.015976281520802726,0.6816878306552274,0.0008181719509491314,4.699139233288463e-08,1.8547764392536716e-08,0.096
bardeen,0.8,0.6158402871356009,0.002,1.1463767462082546,1.1463767462082546,1.1464435979911458,0.002403515937645422,1.1464435979911458,6.685178289123073e-05,6.443992295324108e-08,2.407511594363535e-08,0.032
bardeen,0.8,0.6158402871356009,0.004,1.1463767462082546,1.1463767462082546,1.1466450618840982,0.004809644979531672,1.1466450618840982,0.00026831567584362226,6.443992295324108e-08,2.4107731857231747e-08,0.064
bardeen,0.8,0.6158402871356009,0.006,1.1463767462082546,1.1463767462082546,1.1469809404851234,0.007221003113949554,1.1469809404851234,0.0006041942768688635,6.443992295324108e-08,2.5122260275517535e-08,0.096
bardeen,0.9,0.6928203230275509,0.002,1.8077356805332863,1.8077356805332863,1.8077891103310757,0.0005764588762961647,1.8077891103310757,5.342979778943935e-05,7.727045914229791e-08,2.894307602635511e-08,0.032
bardeen,0.9,0.6928203230275509,0.004,1.8077356805332863,1.8077356805332863,1.8079504734524432,0.0011538232985468099,1.8079504734524432,0.00021479291915693643,7.727045914229791e-08,2.9021259033319985e-08,0.064
bardeen,0.9,0.6928203230275509,0.006,1.8077356805332863,1.8077356805332863,1.8082194849952993,0.0017329999087597238,1.8082194849952993,0.0004838044620130155,7.727045914229791e-08,2.9977133694541444e-08,0.096
bardeen,0.95,0.731310340973526,0.002,2.2242243718044343,2.2242243718044343,2.224277290672925,0.00013459584332499658,2.224277290672925,5.291886849079219e-05,7.968794468737883e-08,2.987161276660813e-08,0.032
bardeen,0.95,0.731310340973526,0.004,2.2242243718044343,2.2242243718044343,2.2244371479154608,0.0002695155248023781,2.2244371479154608,0.0002127761110264359,7.968794468737883e-08,2.993844288109451e-08,0.064
bardeen,0.95,0.731310340973526,0.006,2.2242243718044343,2.2242243718044343,2.224703626992082,0.00040508389805019886,2.224703626992082,0.00047925518764779795,7.968794468737883e-08,3.082700007976647e-08,0.096
bardeen,0.99,0.762102355330306,0.002,2.6028648652696553,2.6028648652696553,2.602921566495743,4.698816777618416e-06,2.602921566495743,5.6701226087696455e-05,7.876456908917362e-08,2.9499561572239017e-08,0.032
bardeen,0.99,0.762102355330306,0.004,2.6028648652696553,2.6028648652696553,2.6030927518863978,9.434837588421902e-06,2.6030927518863978,0.00022788661674244537,7.876456908917362e-08,2.9476432411274625e-08,0.064
bardeen,0.99,0.762102355330306,0.006,2.6028648652696553,2.6028648652696553,2.603378093494416,1.4245287989335297e-05,2.603378093494416,0.0005132282247606312,7.876456908917362e-08,3.050634460966989e-08,0.096
hayward,0.0,0.0,0.002,2.2288871371141032e-10,2.2288871371141032e-10,0.000233817251256026,0.0256027572364176,0.000233817251256026,0.00023381702836731228,2.0190663102596683e-11,1.8171243003580728e-10,0.032
hayward,0.0,0.0,0.004,2.2288871371141032e-10,2.2288871371141032e-10,0.0009352873838314888,0.0512220602255925,0.0009352873838314888,0.0009352871609427751,2.0190663102596683e-11,3.130358633696213e-10,0.064
hayward,0.0,0.0,0.006,2.2288871371141032e-10,2.2288871371141032e-10,0.002104479136446818,0.07687446557005874,0.002104479136446818,0.0021044789135581045,2.0190663102596683e-11,5.248071287896575e-10,0.096
hayward,0.1,0.07698003589195011,0.002,0.00016866042777652457,0.00016866042777652457,0.0003996633285473895,0.025149457121409438,0.0003996633285473895,0.00023100290077086494,8.417332320520207e-11,2.1654931342155492e-10,0.032
hayward,0.1,0.07698003589195011,0.004,0.00016866042777652457,0.00016866042777652457,0.0010926915596710532,0.050315263824996855,0.0010926915596710532,0.0009240311318945287,8.417332320520207e-11,3.551805205376129e-10,0.064
hayward,0.1,0.07698003589195011,0.006,0.00016866042777652457,0.00016866042777652457,0.0022478177367197573,0.07551378050525437,0.0022478177367197573,0.002079157308943233,8.417332320520207e-11,3.988652852814634e-10,0.096
hayward,0.2,0.15396007178390023,0.002,0.0027034144543376334,0.0027034144543376334,0.0029258997450353004,0.023811717301423372,0.0029258997450353004,0.00022248529069766702,3.2536187719728327e-10,2.6388695886315306e-10,0.032
hayward,0.2,0.15396007178390023,0.004,0.0027034144543376334,0.0027034144543376334,0.0035933740989830066,0.04763919854685343,0.0035933740989830066,0.0008899596446453732,3.2536187719728327e-10,3.44942839601109e-10,0.064
hayward,0.2,0.15396007178390023,0.006,0.0027034144543376334,0.0027034144543376334,0.004705917556207761,0.07149821830744346,0.004705917556207761,0.0020025031018701274,3.2536187719728327e-10,4.1534906563803185e-10,0.096
hayward,0.3,0.2309401076758503,0.002,0.013727882892468072,0.013727882892468072,0.013935918864984796,0.021656301050485945,0.013935918864984796,0.0002080359725167239,1.1695881572265643e-09,6.386432029479685e-10,0.032
hayward,0.3,0.2309401076758503,0.004,0.013727882892468072,0.013727882892468072,0.014560038213922264,0.043327399279442416,0.014560038213922264,0.0008321553214541925,1.1695881572265643e-09,7.360037654240632e-10,0.064
hayward,0.3,0.2309401076758503,0.006,0.013727882892468072,0.013727882892468072,0.015600337913132128,0.0650281022390713,0.015600337913132128,0.0018724550206640558,1.1695881572265643e-09,1.3099519309979598e-10,0.096
hayward,0.4,0.30792014356780045,0.002,0.0435781950367185,0.0435781950367185,0.0437654827384083,0.018795484134892758,0.0437654827384083,0.0001872877016897978,3.91405698824121e-09,1.5594739703134736e-09,0.032
hayward,0.4,0.30792014356780045,0.004,0.0435781950367185,0.0435781950367185,0.04432732397848292,0.0376044328324338,0.04432732397848292,0.0007491289417644181,3.91405698824121e-09,1.638807989632344e-09,0.064
hayward,0.4,0.30792014356780045,0.006,0.0435781950367185,0.0435781950367185,0.045263844759549,0.056440320314722014,0.045263844759549,0.0016856497228304942,3.91405698824121e-09,7.326603418254899e-10,0.096
hayward,0.5,0.3849001794597505,0.002,0.10702084501065261,0.10702084501065261,0.10718057732735922,0.015388827827733828,0.10718057732735922,0.00015973231670661503,8.963515860105353e-09,3.573621167680792e-09,0.032
hayward,0.5,0.3849001794597505,0.004,0.10702084501065261,0.10702084501065261,0.10765969283383256,0.03078944474028928,0.10765969283383256,0.0006388478231799527,8.963515860105353e-09,3.5844449807514493e-09,0.064
hayward,0.5,0.3849001794597505,0.006,0.10702084501065261,0.10702084501065261,0.10845835624959642,0.0462136490998291,0.10845835624959642,0.0014375112389438116,8.963515860105353e-09,2.7084520125867925e-09,0.096
hayward,0.6,0.4618802153517006,0.002,0.22361393026431367,0.22361393026431367,0.22373868071546435,0.011646361175940534,0.22373868071546435,0.00012475045115067918,1.725881509928584e-08,6.674789725226595e-09,0.032
hayward,0.6,0.4618802153517006,0.004,0.22361393026431367,0.22361393026431367,0.22411274339813006,0.023302527335701092,0.22411274339813006,0.0004988131338163893,1.725881509928584e-08,6.581765387627627e-09,0.064
hayward,0.6,0.4618802153517006,0.006,0.22361393026431367,0.22361393026431367,0.2247363385617212,0.03497831193203035,0.2247363385617212,0.0011224082974075344,1.725881509928584e-08,5.648127395243601e-09,0.096
hayward,0.7,0.5388602512436507,0.002,0.41830451396108903,0.41830451396108903,0.4183861291175772,0.007834474940363677,0.4183861291175772,8.161515648819062e-05,2.9111106358836736e-08,1.1234354899943851e-08,0.032
hayward,0.7,0.5388602512436507,0.004,0.41830451396108903,0.41830451396108903,0.4186306327735413,0.015676511002004474,0.4186306327735413,0.0003261188124522585,2.9111106358836736e-08,1.107791873052635e-08,0.064
hayward,0.7,0.5388602512436507,0.006,0.41830451396108903,0.41830451396108903,0.41903831096289135,0.023533676649056284,0.41903831096289135,0.0007337970018023166,2.9111106358836736e-08,9.907782770582622e-09,0.096
hayward,0.8,0.6158402871356009,0.002,0.722484518351842,0.722484518351842,0.722514024967182,0.004288110800067776,0.722514024967182,2.950661533995813e-05,4.3978419239643074e-08,1.704935282108603e-08,0.032
hayward,0.8,0.6158402871356009,0.004,0.722484518351842,0.722484518351842,0.7226020060225018,0.008581349979486706,0.7226020060225018,0.00011748767065977717,4.3978419239643074e-08,1.6691335648704383e-08,0.064
hayward,0.8,0.6158402871356009,0.006,0.722484518351842,0.722484518351842,0.7227488173486682,0.012884851722072242,0.7227488173486682,0.0002642989968262288,4.3978419239643074e-08,1.5569436710580048e-08,0.096
hayward,0.9,0.6928203230275509,0.002,1.1761836517571402,1.1761836517571402,1.1761510709553147,0.001442501963373065,1.1761510709553147,-3.258080182555467e-05,6.05418912780209e-08,2.3342281641973558e-08,0.032
hayward,0.9,0.6928203230275509,0.004,1.1761836517571402,1.1761836517571402,1.176052563269522,0.002887615759288885,1.176052563269522,-0.000131088487618225,6.05418912780209e-08,2.3006299456424257e-08,0.064
hayward,0.9,0.6928203230275509,0.006,1.1761836517571402,1.1761836517571402,1.1758885517535205,0.004337957305340354,1.1758885517535205,-0.00029510000361976374,6.05418912780209e-08,2.1701493251965063e-08,0.096
hayward,0.95,0.731310340973526,0.002,1.4753329753391768,1.4753329753391768,1.4752650553031375,0.0004720810202620197,1.4752650553031375,-6.792003603939278e-05,6.850872225072635e-08,2.6346686893638556e-08,0.032
hayward,0.95,0.731310340973526,0.004,1.4753329753391768,1.4753329753391768,1.4750604139462562,0.0009455271904129332,1.4750604139462562,-0.00027256139292064496,6.850872225072635e-08,2.612886387469955e-08,0.064
hayward,0.95,0.731310340973526,0.006,1.4753329753391768,1.4753329753391768,1.4747195009531453,0.001421706778287656,1.4747195009531453,-0.0006134743860315428,6.850872225072635e-08,2.469395915498412e-08,0.096
hayward,0.99,0.762102355330306,0.002,1.7576922952603293,1.7576922952603293,1.7575932247525756,3.523491526415171e-05,1.7575932247525756,-9.907050775370685e-05,7.436219418011092e-08,2.8669719679909483e-08,0.032
hayward,0.99,0.762102355330306,0.004,1.7576922952603293,1.7576922952603293,1.7572950523773303,7.083000959911482e-05,1.7572950523773303,-0.0003972428829990271,7.436219418011092e-08,2.8212787436094692e-08,0.064
hayward,0.99,0.762102355330306,0.006,1.7576922952603293,1.7576922952603293,1.75679823401756,0.00010714791915509787,1.75679823401756,-0.0008940612427692507,7.436219418011092e-08,2.6859170135538414e-08,0.096
fan_wang,0.0,0.0,0.002,2.704919485303733e-10,2.704919485303733e-10,0.00023381742267604338,0.025602757268953422,0.00023381742267604338,0.00023381715218409485,2.4424183793720287e-11,1.2938648614655224e-10,0.032
fan_wang,0.0,0.0,0.004,2.704919485303733e-10,2.704919485303733e-10,0.000935287622734108,0.05122206021245749,0.000935287622734108,0.0009352873522421595,2.4424183793720287e-11,2.6420979183699325e-10,0.064
fan_wang,0.0,0.0,0.006,2.704919485303733e-10,2.704919485303733e-10,0.00210447965939564,0.07687446565155008,0.00210447965939564,0.002104479388903691,2.4424183793720287e-11,5.574427636131243e-10,0.096
fan_wang,0.1,0.02962962962962963,0.002,0.0033694909824226473,0.0033694909824226473,0.0035390302346481697,0.01691555609884768,0.0035390302346481697,0.0001695392522255224,1.938262109840716e-09,6.504805666964018e-10,0.032
fan_wang,0.1,0.02962962962962963,0.004,0.0033694909824226473,0.0033694909824226473,0.004047696197968391,0.03384215839906135,0.004047696197968391,0.0006782052155457434,1.938262109840716e-09,5.844537529366153e-10,0.064
fan_wang,0.1,0.02962962962962963,0.006,0.0033694909824226473,0.0033694909824226473,0.004895560775582842,0.05079086086599775,0.004895560775582842,0.0015260697931601948,1.938262109840716e-09,1.4110158846159472e-09,0.096
fan_wang,0.2,0.05925925925925926,0.002,0.009542432034151843,0.009542432034151843,0.009661518603114332,0.01068725394477188,0.009661518603114332,0.00011908656896248912,4.358585273950277e-09,1.4656955359734905e-09,0.032
fan_wang,0.2,0.05925925925925926,0.004,0.009542432034151843,0.009542432034151843,0.010018863074714479,0.021381582828934168,0.010018863074714479,0.00047643104056263597,4.358585273950277e-09,1.6250947630992798e-09,0.064
fan_wang,0.2,0.05925925925925926,0.006,0.009542432034151843,0.009542432034151843,0.010614522571824868,0.032090066433653475,0.010614522571824868,0.0010720905376730254,4.358585273950277e-09,2.6926125503939215e-09,0.096
fan_wang,0.3,0.08888888888888888,0.002,0.013873627533151316,0.013873627533151316,0.013954104471591313,0.006383288145406294,0.013954104471591313,8.047693843999705e-05,5.251118114987796e-09,1.8987948418058902e-09,0.032
fan_wang,0.3,0.08888888888888888,0.004,0.013873627533151316,0.013873627533151316,0.014195627657866094,0.012770879304270757,0.014195627657866094,0.0003220001247147778,5.251118114987796e-09,2.0261516625389437e-09,0.064
fan_wang,0.3,0.08888888888888888,0.006,0.013873627533151316,0.013873627533151316,0.01459824229629971,0.019167079463750254,0.01459824229629971,0.0007246147631483936,5.251118114987796e-09,3.152356259210831e-09,0.096
fan_wang,0.4,0.11851851851851852,0.002,0.01336861391978523,0.01336861391978523,0.013420363305813107,0.0035447468716484623,0.013420363305813107,5.174938602787657e-05,4.586816820459361e-09,1.7065790118930372e-09,0.032
fan_wang,0.4,0.11851851851851852,0.004,0.01336861391978523,0.01336861391978523,0.01357568779078922,0.007091942664457019,0.01357568779078922,0.00020707387100398975,4.586816820459361e-09,1.8554307405550116e-09,0.064
fan_wang,0.4,0.11851851851851852,0.006,0.01336861391978523,0.01336861391978523,0.01383462471771706,0.01064403825015754,0.01383462471771706,0.0004660107979318293,4.586816820459361e-09,2.8722099576532354e-09,0.096
fan_wang,0.5,0.14814814814814814,0.002,0.006652741662515012,0.006652741662515012,0.006683751778553466,0.0017839065762528209,0.006683751778553466,3.1010116038454605e-05,2.7735841297282793e-09,9.15806473601133e-10,0.032
fan_wang,0.5,0.14814814814814814,0.004,0.006652741662515012,0.006652741662515012,0.006776833086086961,0.003569088588932405,0.006776833086086961,0.000124091423571949,2.7735841297282793e-09,1.143583960424682e-09,0.064
fan_wang,0.5,0.14814814814814814,0.006,0.006652741662515012,0.006652741662515012,0.006932013980768115,0.005356822461124605,0.006932013980768115,0.00027927231825310324,2.7735841297282793e-09,2.2406191267004284e-09,0.096
fan_wang,0.6,0.17777777777777776,0.002,-0.00605568391808914,-0.00605568391808914,-0.006039212427753846,0.0007797774686493484,-0.006039212427753846,1.647149033529461e-05,7.16103596559714e-10,2.994834145330834e-10,0.032
fan_wang,0.6,0.17777777777777776,0.004,-0.00605568391808914,-0.00605568391808914,-0.005989781927373818,0.0015601410170543184,-0.005989781927373818,6.590199071532243e-05,7.16103596559714e-10,5.641023617329735e-10,0.064
fan_wang,0.6,0.17777777777777776,0.006,-0.00605568391808914,-0.00605568391808914,-0.0059073644552586,0.002341676935641407,-0.0059073644552586,0.00014831946283054044,7.16103596559714e-10,1.5386849168896004e-09,0.096
fan_wang,0.7,0.20740740740740737,0.002,-0.02296634233857663,-0.02296634233857663,-0.02295986761078577,0.0002736664656125885,-0.02295986761078577,6.474727790858198e-06,6.86248152054203e-10,3.5601643600381776e-10,0.032
fan_wang,0.7,0.20740740740740737,0.004,-0.02296634233857663,-0.02296634233857663,-0.022940446740800473,0.0005475551273475567,-0.022940446740800473,2.5895597776156437e-05,6.86248152054203e-10,1.4983838465102722e-10,0.064
fan_wang,0.7,0.20740740740740737,0.006,-0.02296634233857663,-0.02296634233857663,-0.022908053338925826,0.0008218883075996602,-0.022908053338925826,5.82889996508032e-05,6.86248152054203e-10,9.643008813867359e-10,0.096
fan_wang,0.8,0.23703703703703705,0.002,-0.04072866419753209,-0.04072866419753209,-0.04072912803178953,6.478580175671119e-05,-0.04072912803178953,-4.6383425744006557e-07,1.45438155962907e-09,5.807693677599155e-10,0.032
fan_wang,0.8,0.23703703703703705,0.004,-0.04072866419753209,-0.04072866419753209,-0.04073053674848018,0.00012963168592323608,-0.04073053674848018,-1.8725509480857494e-06,1.45438155962907e-09,4.944668955243802e-10,0.064
fan_wang,0.8,0.23703703703703705,0.006,-0.04072866419753209,-0.04072866419753209,-0.04073286460844767,0.00019459789714405484,-0.04073286460844767,-4.2004109155752145e-06,1.45438155962907e-09,6.804974904577259e-10,0.096
fan_wang,0.9,0.26666666666666666,0.002,-0.05442802996008365,-0.05442802996008365,-0.054433671398955115,5.991937482945109e-06,-0.054433671398955115,-5.641438871467619e-06,1.4903421344247825e-09,6.298650875413537e-10,0.032
fan_wang,0.9,0.26666666666666666,0.004,-0.05442802996008365,-0.05442802996008365,-0.054450612998004334,1.1991368770260772e-05,-0.054450612998004334,-2.2583037920687055e-05,1.4903421344247825e-09,3.4747266135156344e-10,0.064
fan_wang,0.9,0.26666666666666666,0.006,-0.05442802996008365,-0.05442802996008365,-0.05447883614800556,1.8005722278590627e-05,-0.05447883614800556,-5.08061879219146e-05,1.4903421344247825e-09,5.634880148484453e-10,0.096
fan_wang,0.95,0.28148148148148144,0.002,-0.057783209566947415,-0.057783209566947415,-0.05779112644542824,6.028848934148811e-07,-0.05779112644542824,-7.91687848082645e-06,1.2706186588995472e-09,5.652048986145677e-10,0.032
fan_wang,0.95,0.28148148148148144,0.004,-0.057783209566947415,-0.057783209566947415,-0.05781488962750196,1.2069279084498393e-06,-0.05781488962750196,-3.1680060554546696e-05,1.2706186588995472e-09,3.209650690217766e-10,0.064
fan_wang,0.95,0.28148148148148144,0.006,-0.057783209566947415,-0.057783209566947415,-0.05785448381552643,1.8130349211549242e-06,-0.05785448381552643,-7.127424857901465e-05,1.2706186588995472e-09,6.44823477694785e-10,0.096
fan_wang,0.99,0.29333333333333333,0.002,-0.057934407174754565,-0.057934407174754565,-0.057944100924534274,3.59292584265353e-09,-0.057944100924534274,-9.69374977970866e-06,9.423133315311638e-10,4.4736860017560775e-10,0.032
fan_wang,0.99,0.29333333333333333,0.004,-0.057934407174754565,-0.057934407174754565,-0.05797319236042633,7.327221174874125e-09,-0.05797319236042633,-3.87851856717622e-05,9.423133315311638e-10,2.5341195138974223e-10,0.064
fan_wang,0.99,0.29333333333333333,0.006,-0.057934407174754565,-0.057934407174754565,-0.05802166662585753,1.0943885724194686e-08,-0.05802166662585753,-8.725945110296673e-05,9.423133315311638e-10,8.651122624616702e-10,0.096
