model,ell_over_ell_ext,ell,omega_M,k_static,raw_delta_real,raw_delta_imag,k_unsubtracted_real,k_unsubtracted_imag,window_fit_rms,window_max_residual,maximum_omega_r,source_transform_condition,response_transform_condition,delta_k_real,delta_k_imag,k_metric_real,k_metric_imag
fan_wang,0.0,0.0,0.001,0.0,-1.0177683355864976e-05,-0.0032000886777523983,-1.0177683355864976e-05,-0.0032000886777523983,4.560969955926852e-11,6.297868061465753e-11,0.016,8.0,1.9999778982149028,-1.0177683355864976e-05,-0.0032000886777523983,-1.0177683355864976e-05,-0.0032000886777523983
fan_wang,0.0,0.0,0.002,0.0,-4.0686595147063254e-05,-0.006400640092641755,-4.0686595147063254e-05,-0.006400640092641755,1.2029194824384027e-09,1.6610125181967751e-09,0.032,8.0,1.9999778982149028,-4.0686595147063254e-05,-0.006400640092641755,-4.0686595147063254e-05,-0.006400640092641755
fan_wang,0.0,0.0,0.003,0.0,-9.130883130006514e-05,-0.009602117032517545,-9.130883130006514e-05,-0.009602117032517545,1.2597281100697395e-08,1.739454876983117e-08,0.048,8.0,1.9999778982149028,-9.130883130006514e-05,-0.009602117032517545,-9.130883130006514e-05,-0.009602117032517545
fan_wang,0.0,0.0,0.004,0.0,-0.00016120026864309918,-0.012804982413812591,-0.00016120026864309918,-0.012804982413812591,6.97750211435951e-08,9.634658451264547e-08,0.064,8.0,1.9999778982149028,-0.00016120026864309918,-0.012804982413812591,-0.00016120026864309918,-0.012804982413812591
fan_wang,0.0,0.0,0.005,0.0,-0.00024816898275714915,-0.016009699285425234,-0.00024816898275714915,-0.016009699285425234,2.650234443888578e-07,3.65949064065302e-07,0.08,8.0,1.9999778982149028,-0.00024816898275714915,-0.016009699285425234,-0.00024816898275714915,-0.016009699285425234
fan_wang,0.0,0.0,0.006,0.0,-0.0003476682712606548,-0.01921673098411622,-0.0003476682712606548,-0.01921673098411622,7.899614064659837e-07,1.0907926957573854e-06,0.096,8.0,1.9999778982149028,-0.0003476682712606548,-0.01921673098411622,-0.0003476682712606548,-0.01921673098411622
fan_wang,0.1,0.02962962962962963,0.002,0.0024810558480853374,-3.320112064064727e-05,-0.005032629319096725,0.00244785472744469,-0.005032629319096725,1.1432665818839092e-09,1.5786427370115464e-09,0.032,113.84196787575456,28.460180426406836,-3.320112064064727e-05,-0.005032629319096725,0.00244785472744469,-0.005032629319096725
fan_wang,0.1,0.02962962962962963,0.004,0.0024810558480853374,-0.0001312726598678817,-0.010068194416422996,0.0023497831882174558,-0.010068194416422996,6.905700590020462e-08,9.535513635262332e-08,0.064,113.84196787575456,28.460180426406836,-0.0001312726598678817,-0.010068194416422996,0.0023497831882174558,-0.010068194416422996
fan_wang,0.1,0.02962962962962963,0.006,0.0024810558480853374,-0.0002804592066739509,-0.015109632504676429,0.0022005966414113867,-0.015109632504676429,7.836224514670982e-07,1.08203975446831e-06,0.096,113.84196787575456,28.460180426406836,-0.0002804592066739509,-0.015109632504676429,0.0022005966414113867,-0.015109632504676429
fan_wang,0.2,0.05925925925925926,0.002,0.019852949018660023,-2.6567497883817692e-05,-0.003800500576509663,0.019826381520776204,-0.003800500576509663,1.121778482358194e-09,1.548971588749131e-09,0.032,80.49840547500114,20.124383255557067,-2.6567497883817692e-05,-0.003800500576509663,0.019826381520776204,-0.003800500576509663
fan_wang,0.2,0.05925925925925926,0.004,0.019852949018660023,-0.00010475243268071265,-0.007603248173077891,0.01974819658597931,-0.007603248173077891,6.846179407807724e-08,9.453325733081268e-08,0.064,80.49840547500114,20.124383255557067,-0.00010475243268071265,-0.007603248173077891,0.01974819658597931,-0.007603248173077891
fan_wang,0.2,0.05925925925925926,0.006,0.019852949018660023,-0.00022091661365381625,-0.011410490988587393,0.019632032405006206,-0.011410490988587393,7.774494204161958e-07,1.0735159239040309e-06,0.096,80.49840547500114,20.124383255557067,-0.00022091661365381625,-0.011410490988587393,0.019632032405006206,-0.011410490988587393
fan_wang,0.3,0.08888888888888888,0.002,0.06700569080061719,-2.0773039395433458e-05,-0.0027346429457801463,0.06698491776122176,-0.0027346429457801463,1.0925599387421674e-09,1.5086261064271292e-09,0.032,65.72665301641753,16.431487008101442,-2.0773039395433458e-05,-0.0027346429457801463,0.06698491776122176,-0.0027346429457801463
fan_wang,0.3,0.08888888888888888,0.004,0.06700569080061719,-8.15882944121621e-05,-0.005470934818334525,0.06692410250620502,-0.005470934818334525,6.789028796652e-08,9.374411157383631e-08,0.064,65.72665301641753,16.431487008101442,-8.15882944121621e-05,-0.005470934818334525,0.06692410250620502,-0.005470934818334525
fan_wang,0.3,0.08888888888888888,0.006,0.06700569080061719,-0.000168923999659558,-0.008210525491620622,0.06683676680095763,-0.008210525491620622,7.71367326900267e-07,1.0651176614980922e-06,0.096,65.72665301641753,16.431487008101442,-0.000168923999659558,-0.008210525491620622,0.06683676680095763,-0.008210525491620622
fan_wang,0.4,0.11851851851851852,0.002,0.1588050205574083,-1.5779491930583405e-05,-0.0018524014036860837,0.15878924106547773,-0.0018524014036860837,1.1003186305352122e-09,1.5193394454195222e-09,0.032,56.92093242359386,14.230082119673577,-1.5779491930583405e-05,-0.0018524014036860837,0.15878924106547773,-0.0018524014036860837
fan_wang,0.4,0.11851851851851852,0.004,0.1588050205574083,-6.162683115588821e-05,-0.0037059513728321574,0.15874339372625243,-0.0037059513728321574,6.741891329396542e-08,9.309322908059834e-08,0.064,56.92093242359386,14.230082119673577,-6.162683115588821e-05,-0.0037059513728321574,0.15874339372625243,-0.0037059513728321574
fan_wang,0.4,0.11851851851851852,0.006,0.1588050205574083,-0.00012413685312938336,-0.005561799171262239,0.15868088370427894,-0.005561799171262239,7.653877200028208e-07,1.056860914429299e-06,0.096,56.92093242359386,14.230082119673577,-0.00012413685312938336,-0.005561799171262239,0.15868088370427894,-0.005561799171262239
fan_wang,0.5,0.14814814814814814,0.001,0.3100723668543024,-2.885841721571342e-06,-0.0005794950267885493,0.3100694810125808,-0.0005794950267885493,5.606211502390136e-11,7.74115609667115e-11,0.016,50.91161142301607,12.727769326921168,-2.885841721571342e-06,-0.0005794950267885493,0.3100694810125808,-0.0005794950267885493
fan_wang,0.5,0.14814814814814814,0.002,0.3100723668543024,-1.1520937769979911e-05,-0.0011590835141810426,0.31006084591653243,-0.0011590835141810426,1.091466037499062e-09,1.5071156282244614e-09,0.032,50.91161142301607,12.727769326921168,-1.1520937769979911e-05,-0.0011590835141810426,0.31006084591653243,-0.0011590835141810426
fan_wang,0.5,0.14814814814814814,0.003,0.3100723668543024,-2.5696325932453044e-05,-0.001738858888386318,0.3100466705283699,-0.001738858888386318,1.2021268107394634e-08,1.659917983076349e-08,0.048,50.91161142301607,12.727769326921168,-2.5696325932453044e-05,-0.001738858888386318,0.3100466705283699,-0.001738858888386318
fan_wang,0.5,0.14814814814814814,0.004,0.3100723668543024,-4.4605099524255574e-05,-0.0023189147287904534,0.31002776175477814,-0.0023189147287904534,6.694738567059735e-08,9.244213539018115e-08,0.064,50.91161142301607,12.727769326921168,-4.4605099524255574e-05,-0.0023189147287904534,0.31002776175477814,-0.0023189147287904534
fan_wang,0.5,0.14814814814814814,0.005,0.3100723668543024,-6.614637126032724e-05,-0.002899344432087362,0.31000622048304205,-0.002899344432087362,2.546594958890744e-07,3.516383404902723e-07,0.08,50.91161142301607,12.727769326921168,-6.614637126032724e-05,-0.002899344432087362,0.31000622048304205,-0.002899344432087362
fan_wang,0.5,0.14814814814814814,0.006,0.3100723668543024,-8.596241560462446e-05,-0.003480241753732436,0.3099864044386978,-0.003480241753732436,7.594344177489619e-07,1.0486404892781388e-06,0.096,50.91161142301607,12.727769326921168,-8.596241560462446e-05,-0.003480241753732436,0.3099864044386978,-0.003480241753732436
fan_wang,0.6,0.17777777777777776,0.002,0.5355710155253514,-7.900024325733736e-06,-0.0006489978846971267,0.5355631155010256,-0.0006489978846971267,1.17744242794187e-09,1.625833350293306e-09,0.032,46.47571199959194,11.618807528723208,-7.900024325733736e-06,-0.0006489978846971267,0.5355631155010256,-0.0006489978846971267
fan_wang,0.6,0.17777777777777776,0.004,0.5355710155253514,-3.013685179271603e-05,-0.0012984390799329604,0.5355408786735586,-0.0012984390799329604,6.655412548368966e-08,9.189911476170007e-08,0.064,46.47571199959194,11.618807528723208,-3.013685179271603e-05,-0.0012984390799329604,0.5355408786735586,-0.0012984390799329604
fan_wang,0.6,0.17777777777777776,0.006,0.5355710155253514,-5.353436248453846e-05,-0.0019487673640651755,0.5355174811628668,-0.0019487673640651755,7.535793348305704e-07,1.0405556871243145e-06,0.096,46.47571199959194,11.618807528723208,-5.353436248453846e-05,-0.0019487673640651755,0.5355174811628668,-0.0019487673640651755
fan_wang,0.7,0.20740740740740737,0.002,0.8499984846800578,-4.790028909152915e-06,-0.000306517828636736,0.8499936946511486,-0.000306517828636736,1.1799417182791493e-09,1.629284414638074e-09,0.032,43.02813037909257,10.756922411690395,-4.790028909152915e-06,-0.000306517828636736,0.8499936946511486,-0.000306517828636736
fan_wang,0.7,0.20740740740740737,0.004,0.8499984846800578,-1.770810445349027e-05,-0.0006132641492812512,0.8499807765756043,-0.0006132641492812512,6.608292678714896e-08,9.124847525928095e-08,0.064,43.02813037909257,10.756922411690395,-1.770810445349027e-05,-0.0006132641492812512,0.8499807765756043,-0.0006132641492812512
fan_wang,0.7,0.20740740740740737,0.006,0.8499984846800578,-2.5692006707983592e-05,-0.0009204676310278946,0.8499727926733498,-0.0009204676310278946,7.475808768653745e-07,1.032272910167497e-06,0.096,43.02813037909257,10.756922411690395,-2.5692006707983592e-05,-0.0009204676310278946,0.8499727926733498,-0.0009204676310278946
fan_wang,0.8,0.23703703703703705,0.001,1.2679851066497514,-5.129572283027074e-07,-5.356490802233726e-05,1.2679845936925231,-5.356490802233726e-05,1.6174724895010112e-11,2.233434649225915e-11,0.016,40.24911250616011,10.06217635394694,-5.129572283027074e-07,-5.356490802233726e-05,1.2679845936925231,-5.356490802233726e-05
fan_wang,0.8,0.23703703703703705,0.002,1.2679851066497514,-2.0234733791820984e-06,-0.00010714133010909357,1.2679830831763723,-0.00010714133010909357,1.2607556820379525e-09,1.740873766547822e-09,0.032,40.24911250616011,10.06217635394694,-2.0234733791820984e-06,-0.00010714133010909357,1.2679830831763723,-0.00010714133010909357
fan_wang,0.8,0.23703703703703705,0.003,1.2679851066497514,-4.33151181857269e-06,-0.00016074081311552007,1.2679807751379328,-0.00016074081311552007,1.2057349651584305e-08,1.6649001865773627e-08,0.048,40.24911250616011,10.06217635394694,-4.33151181857269e-06,-0.00016074081311552007,1.2679807751379328,-0.00016074081311552007
fan_wang,0.8,0.23703703703703705,0.004,1.2679851066497514,-6.653196560252104e-06,-0.00021437532076881637,1.267978453453191,-0.00021437532076881637,6.55796952739505e-08,9.055360427648685e-08,0.064,40.24911250616011,10.06217635394694,-6.653196560252104e-06,-0.00021437532076881637,1.267978453453191,-0.00021437532076881637
fan_wang,0.8,0.23703703703703705,0.005,1.2679851066497514,-6.935036175707929e-06,-0.0002680556307324649,1.2679781716135756,-0.0002680556307324649,2.490806779454355e-07,3.439350099046537e-07,0.08,40.24911250616011,10.06217635394694,-6.935036175707929e-06,-0.0002680556307324649,1.2679781716135756,-0.0002680556307324649
fan_wang,0.8,0.23703703703703705,0.006,1.2679851066497514,-9.377706721148211e-07,-0.00032179405431558196,1.2679841688790794,-0.00032179405431558196,7.416997445585541e-07,1.0241521385569262e-06,0.096,40.24911250616011,10.06217635394694,-9.377706721148211e-07,-0.00032179405431558196,1.2679841688790794,-0.00032179405431558196
fan_wang,0.9,0.26666666666666666,0.002,1.8040988168736625,6.073788880412268e-07,-1.842726168677315e-05,1.8040994242525505,-1.842726168677315e-05,8.795609395347193e-10,1.2145133173145793e-09,0.032,37.94720913284763,9.486707578131846,6.073788880412268e-07,-1.842726168677315e-05,1.8040994242525505,-1.842726168677315e-05
fan_wang,0.9,0.26666666666666666,0.004,1.8040988168736625,3.854474248877316e-06,-3.687652746549688e-05,1.8041026713479114,-3.687652746549688e-05,6.513069286766422e-08,8.993361380461505e-08,0.064,37.94720913284763,9.486707578131846,3.854474248877316e-06,-3.687652746549688e-05,1.8041026713479114,-3.687652746549688e-05
fan_wang,0.9,0.26666666666666666,0.006,1.8040988168736625,2.2583614823463788e-05,-5.5368189635073455e-05,1.804121400488486,-5.5368189635073455e-05,7.357363003712129e-07,1.015917709244474e-06,0.096,37.94720913284763,9.486707578131846,2.2583614823463788e-05,-5.5368189635073455e-05,1.804121400488486,-5.5368189635073455e-05
fan_wang,0.95,0.28148148148148144,0.001,2.1209913269687726,4.831236942317845e-07,-1.6729851524720456e-06,2.120991810092467,-1.6729851524720456e-06,3.37893716628505e-11,4.6656962608595765e-11,0.016,36.935091964129896,9.233681428120594,4.831236942317845e-07,-1.6729851524720456e-06,2.120991810092467,-1.6729851524720456e-06
fan_wang,0.95,0.28148148148148144,0.002,2.1209913269687726,1.951633199344129e-06,-3.3462340717814987e-06,2.120993278601972,-3.3462340717814987e-06,1.9063272527130274e-09,2.6322904207241396e-09,0.032,36.935091964129896,9.233681428120594,1.951633199344129e-06,-3.3462340717814987e-06,2.120993278601972,-3.3462340717814987e-06
fan_wang,0.95,0.28148148148148144,0.003,2.1209913269687726,4.596465117471181e-06,-5.0215765003388685e-06,2.12099592343389,-5.0215765003388685e-06,1.1267689009305945e-08,1.555862447053004e-08,0.048,36.935091964129896,9.233681428120594,4.596465117471181e-06,-5.0215765003388685e-06,2.12099592343389,-5.0215765003388685e-06
fan_wang,0.95,0.28148148148148144,0.004,2.1209913269687726,9.210089697292896e-06,-6.698442730556668e-06,2.1210005370584697,-6.698442730556668e-06,6.436710998953075e-08,8.887924504779133e-08,0.064,36.935091964129896,9.233681428120594,9.210089697292896e-06,-6.698442730556668e-06,2.1210005370584697,-6.698442730556668e-06
fan_wang,0.95,0.28148148148148144,0.005,2.1209913269687726,1.780702352245381e-05,-8.377633456262802e-06,2.121009133992295,-8.377633456262802e-06,2.461281769855593e-07,3.398581443073025e-07,0.08,36.935091964129896,9.233681428120594,1.780702352245381e-05,-8.377633456262802e-06,2.121009133992295,-8.377633456262802e-06
fan_wang,0.95,0.28148148148148144,0.006,2.1209913269687726,3.457396242239726e-05,-1.006130216526497e-05,2.121025900931195,-1.006130216526497e-05,7.334209969057081e-07,1.01272069722848e-06,0.096,36.935091964129896,9.233681428120594,3.457396242239726e-05,-1.006130216526497e-05,2.121025900931195,-1.006130216526497e-05
fan_wang,0.99,0.29333333333333333,0.002,2.3995985353534968,3.1247499582092875e-06,-7.480016137398591e-08,2.399601660103455,-7.480016137398591e-08,9.34820246165234e-09,1.290816346237357e-08,0.032,36.18122786429305,9.04521775916716,3.1247499582092875e-06,-7.480016137398591e-08,2.399601660103455,-7.480016137398591e-08
fan_wang,0.99,0.29333333333333333,0.004,2.3995985353534968,1.3743397324784966e-05,-1.3384012511226134e-07,2.3996122787508214,-1.3384012511226134e-07,6.636158796895739e-08,9.163325555260661e-08,0.064,36.18122786429305,9.04521775916716,1.3743397324784966e-05,-1.3384012511226134e-07,2.3996122787508214,-1.3384012511226134e-07
fan_wang,0.99,0.29333333333333333,0.006,2.3995985353534968,4.459347597781839e-05,-2.2899512102973327e-07,2.3996431288294744,-2.2899512102973327e-07,7.403155935243079e-07,1.0222408783034167e-06,0.096,36.18122786429305,9.04521775916716,4.459347597781839e-05,-2.2899512102973327e-07,2.3996431288294744,-2.2899512102973327e-07
hayward,0.0,0.0,0.001,0.0,-1.0177714214427394e-05,-0.0032000886764302844,-1.0177714214427394e-05,-0.0032000886764302844,3.875653673486054e-11,5.3515712044821434e-11,0.016,33.94112549695425,8.485156186188302,-1.0177714214427394e-05,-0.0032000886764302844,-1.0177714214427394e-05,-0.0032000886764302844
hayward,0.0,0.0,0.002,0.0,-4.0686624278829236e-05,-0.006400640087667508,-4.0686624278829236e-05,-0.006400640087667508,1.1997572684609515e-09,1.656646077164166e-09,0.032,33.94112549695425,8.485156186188302,-4.0686624278829236e-05,-0.006400640087667508,-4.0686624278829236e-05,-0.006400640087667508
hayward,0.0,0.0,0.003,0.0,-9.130881030347448e-05,-0.009602117028051112,-9.130881030347448e-05,-0.009602117028051112,1.2601267931261874e-08,1.7400053856078446e-08,0.048,33.94112549695425,8.485156186188302,-9.130881030347448e-05,-0.009602117028051112,-9.130881030347448e-05,-0.009602117028051112
hayward,0.0,0.0,0.004,0.0,-0.0001612001212277174,-0.012804982409178194,-0.0001612001212277174,-0.012804982409178194,6.978180691053435e-08,9.635595441972707e-08,0.064,33.94112549695425,8.485156186188302,-0.0001612001212277174,-0.012804982409178194,-0.0001612001212277174,-0.012804982409178194
hayward,0.0,0.0,0.005,0.0,-0.000248169065555905,-0.016009699285816397,-0.000248169065555905,-0.016009699285816397,2.6501063612173864e-07,3.6593137818318736e-07,0.08,33.94112549695425,8.485156186188302,-0.000248169065555905,-0.016009699285816397,-0.000248169065555905,-0.016009699285816397
hayward,0.0,0.0,0.006,0.0,-0.00034766830850076734,-0.019216730976619002,-0.00034766830850076734,-0.019216730976619002,7.899575372857731e-07,1.090787353124931e-06,0.096,33.94112549695425,8.485156186188302,-0.00034766830850076734,-0.019216730976619002,-0.00034766830850076734,-0.019216730976619002
hayward,0.1,0.07698003589195011,0.002,6.322263977041514e-05,-4.070829284530622e-05,-0.006362410000403408,2.2514346925108915e-05,-0.006362410000403408,1.1921868675205006e-09,1.646192733515469e-09,0.032,33.94112546618714,8.485155941209953,-4.070829284530622e-05,-0.006362410000403408,2.2514346925108915e-05,-0.006362410000403408
hayward,0.1,0.07698003589195011,0.004,6.322263977041514e-05,-0.00016128742957569777,-0.012728519440636259,-9.806478980528263e-05,-0.012728519440636259,6.975128355038317e-08,9.631380722364217e-08,0.064,33.94112546618714,8.485155941209953,-0.00016128742957569777,-0.012728519440636259,-9.806478980528263e-05,-0.012728519440636259
hayward,0.1,0.07698003589195011,0.006,6.322263977041514e-05,-0.0003478646379152078,-0.019102029596133573,-0.00028464199814479265,-0.019102029596133573,7.899386189390297e-07,1.0907612303368025e-06,0.096,33.94112546618714,8.485155941209953,-0.0003478646379152078,-0.019102029596133573,-0.00028464199814479265,-0.019102029596133573
hayward,0.2,0.15396007178390023,0.002,0.0010125805244095534,-4.075698355308334e-05,-0.006244086946436025,0.0009718235408564701,-0.006244086946436025,1.1990900622627506e-09,1.6557247870155797e-09,0.032,33.941125373889896,8.4851552062746,-4.075698355308334e-05,-0.006244086946436025,0.0009718235408564701,-0.006244086946436025
hayward,0.2,0.15396007178390023,0.004,0.0010125805244095534,-0.00016148244469692553,-0.012491863593501698,0.0008510980797126279,-0.012491863593501698,6.97450751152559e-08,9.63052345065496e-08,0.064,33.941125373889896,8.4851552062746,-0.00016148244469692553,-0.012491863593501698,0.0008510980797126279,-0.012491863593501698
hayward,0.2,0.15396007178390023,0.006,0.0010125805244095534,-0.00034830430325762096,-0.01874702152138065,0.0006642762211519325,-0.01874702152138065,7.899049370127088e-07,1.090714721736693e-06,0.096,33.941125373889896,8.4851552062746,-0.00034830430325762096,-0.01874702152138065,0.0006642762211519325,-0.01874702152138065
hayward,0.3,0.2309401076758503,0.002,0.005134835585431717,-4.078063931580823e-05,-0.006034825784703422,0.0050940549461159085,-0.006034825784703422,1.1952189038752864e-09,1.6503794229995798e-09,0.032,33.94112522007404,8.485153981381675,-4.078063931580823e-05,-0.006034825784703422,0.0050940549461159085,-0.006034825784703422
hayward,0.3,0.2309401076758503,0.004,0.005134835585431717,-0.00016157768998761808,-0.012073320415879963,0.004973257895444099,-0.012073320415879963,6.970787067920287e-08,9.62538619625695e-08,0.064,33.94112522007404,8.485153981381675,-0.00016157768998761808,-0.012073320415879963,0.004973257895444099,-0.012073320415879963
hayward,0.3,0.2309401076758503,0.006,0.005134835585431717,-0.0003485195132086965,-0.01811915459970072,0.004786316072223021,-0.01811915459970072,7.898677656407981e-07,1.09066339484819e-06,0.096,33.94112522007404,8.485153981381675,-0.0003485195132086965,-0.01811915459970072,0.004786316072223021,-0.01811915459970072
hayward,0.4,0.30792014356780045,0.002,0.016267347911827636,-4.068473451558044e-05,-0.005716753244235134,0.016226663177312056,-0.005716753244235134,1.2001430022579695e-09,1.6571787052168656e-09,0.032,33.94112500475927,8.485152266530061,-4.068473451558044e-05,-0.005716753244235134,0.016226663177312056,-0.005716753244235134
hayward,0.4,0.30792014356780045,0.004,0.016267347911827636,-0.00016119482257427958,-0.01143713578401661,0.016106153089253356,-0.01143713578401661,6.969265457736634e-08,9.623285129972552e-08,0.064,33.94112500475927,8.485152266530061,-0.00016119482257427958,-0.01143713578401661,0.016106153089253356,-0.01143713578401661
hayward,0.4,0.30792014356780045,0.006,0.016267347911827636,-0.00034766060535365096,-0.017164778827059197,0.015919687306473983,-0.017164778827059197,7.898396085834403e-07,1.0906245150849376e-06,0.096,33.94112500475927,8.485152266530061,-0.00034766060535365096,-0.017164778827059197,0.015919687306473983,-0.017164778827059197
hayward,0.5,0.3849001794597505,0.001,0.03983939745582727,-1.0085492103013696e-05,-0.0026324620278204646,0.03982931196372426,-0.0026324620278204646,4.309968202068463e-11,5.951280397293934e-11,0.016,33.94112472797278,8.485150061718318,-1.0085492103013696e-05,-0.0026324620278204646,0.03982931196372426,-0.0026324620278204646
hayward,0.5,0.3849001794597505,0.002,0.03983939745582727,-4.0317986080767144e-05,-0.005265368919498683,0.03979907946974651,-0.005265368919498683,1.1785109857648346e-09,1.6273088338603994e-09,0.032,33.94112472797278,8.485150061718318,-4.0317986080767144e-05,-0.005265368919498683,0.03979907946974651,-0.005265368919498683
hayward,0.5,0.3849001794597505,0.003,0.03983939745582727,-9.048027734671406e-05,-0.007899165605134532,0.03974891717848056,-0.007899165605134532,1.255068640578981e-08,1.7330209990178988e-08,0.048,33.94112472797278,8.485150061718318,-9.048027734671406e-05,-0.007899165605134532,0.03974891717848056,-0.007899165605134532
hayward,0.5,0.3849001794597505,0.004,0.03983939745582727,-0.00015972903966123274,-0.01053429715710791,0.03967966841616604,-0.01053429715710791,6.968272662517932e-08,9.621914260759696e-08,0.064,33.94112472797278,8.485150061718318,-0.00015972903966123274,-0.01053429715710791,0.03967966841616604,-0.01053429715710791
hayward,0.5,0.3849001794597505,0.005,0.03983939745582727,-0.00024587299375475693,-0.013171208803500657,0.03959352446207251,-0.013171208803500657,2.6491118920167397e-07,3.6579406011535705e-07,0.08,33.94112472797278,8.485150061718318,-0.00024587299375475693,-0.013171208803500657,0.03959352446207251,-0.013171208803500657
hayward,0.5,0.3849001794597505,0.006,0.03983939745582727,-0.00034436633641433517,-0.015810345991923,0.03949503111941294,-0.015810345991923,7.898478945942108e-07,1.0906359565552388e-06,0.096,33.94112472797278,8.485150061718318,-0.00034436633641433517,-0.015810345991923,0.03949503111941294,-0.015810345991923
hayward,0.6,0.4618802153517006,0.002,0.08293660719972173,-3.9444167686446804e-05,-0.0046503717327662135,0.08289716303203529,-0.0046503717327662135,1.1731871001584724e-09,1.6199575183490767e-09,0.032,33.94112438974985,8.485147366944483,-3.9444167686446804e-05,-0.0046503717327662135,0.08289716303203529,-0.0046503717327662135
hayward,0.6,0.4618802153517006,0.004,0.08293660719972173,-0.00015623496876798575,-0.009304184515965418,0.08278037223095375,-0.009304184515965418,6.97074949499307e-08,9.625334314889358e-08,0.064,33.94112438974985,8.485147366944483,-0.00015623496876798575,-0.009304184515965418,0.08278037223095375,-0.009304184515965418
hayward,0.6,0.4618802153517006,0.006,0.08293660719972173,-0.00033651063043444167,-0.01396488137189631,0.0826000965692873,-0.01396488137189631,7.899991791034609e-07,1.0908448528839853e-06,0.096,33.94112438974985,8.485147366944483,-0.00033651063043444167,-0.01396488137189631,0.0826000965692873,-0.01396488137189631
hayward,0.7,0.5388602512436507,0.002,0.1544001738412985,-3.768451198264825e-05,-0.0038374236224723583,0.15436248932931584,-0.0038374236224723583,1.2100617872418522e-09,1.6708747391280067e-09,0.032,33.9411239901331,8.485144182206275,-3.768451198264825e-05,-0.0038374236224723583,0.15436248932931584,-0.0038374236224723583
hayward,0.7,0.5388602512436507,0.004,0.1544001738412985,-0.00014919951122648734,-0.0076780937878736825,0.154250974330072,-0.0076780937878736825,6.98395783295424e-08,9.643572621796933e-08,0.064,33.9411239901331,8.485144182206275,-0.00014919951122648734,-0.0076780937878736825,0.154250974330072,-0.0076780937878736825
hayward,0.7,0.5388602512436507,0.006,0.1544001738412985,-0.00032069167401910757,-0.011525259195123315,0.1540794821672794,-0.011525259195123315,7.902840224301785e-07,1.0912381695924673e-06,0.096,33.9411239901331,8.485144182206275,-0.00032069167401910757,-0.011525259195123315,0.1540794821672794,-0.011525259195123315
hayward,0.8,0.6158402871356009,0.001,0.26498328989874687,-8.60291177022907e-06,-0.0013959720008255652,0.2649746869869766,-0.0013959720008255652,4.705576444291589e-11,6.497543263661956e-11,0.016,33.941123529173666,8.48514050750088,-8.60291177022907e-06,-0.0013959720008255652,0.2649746869869766,-0.0013959720008255652
hayward,0.8,0.6158402871356009,0.002,0.26498328989874687,-3.4386871727683974e-05,-0.002792309904074852,0.2649489030270192,-0.002792309904074852,1.2477803715929168e-09,1.7229572281668787e-09,0.032,33.941123529173666,8.48514050750088,-3.4386871727683974e-05,-0.002792309904074852,0.2649489030270192,-0.002792309904074852
hayward,0.8,0.6158402871356009,0.003,0.26498328989874687,-7.713743504420037e-05,-0.004189379805792598,0.26490615246370264,-0.004189379805792598,1.2721185717741988e-08,1.7565638458701114e-08,0.048,33.941123529173666,8.48514050750088,-7.713743504420037e-05,-0.004189379805792598,0.26490615246370264,-0.004189379805792598
hayward,0.8,0.6158402871356009,0.004,0.26498328989874687,-0.00013601358397504306,-0.00558754785208099,0.26484727631477184,-0.00558754785208099,7.001796548369699e-08,9.668204635861967e-08,0.064,33.941123529173666,8.48514050750088,-0.00013601358397504306,-0.00558754785208099,0.26484727631477184,-0.00558754785208099
hayward,0.8,0.6158402871356009,0.005,0.26498328989874687,-0.00020882801149027996,-0.006987180287716364,0.26477446188725656,-0.006987180287716364,2.6545849307047206e-07,3.66549786987078e-07,0.08,33.941123529173666,8.48514050750088,-0.00020882801149027996,-0.006987180287716364,0.26477446188725656,-0.006987180287716364
hayward,0.8,0.6158402871356009,0.006,0.26498328989874687,-0.0002910388050012154,-0.008388643833098277,0.26469225109374567,-0.008388643833098277,7.907347953039175e-07,1.091860604757126e-06,0.096,33.941123529173666,8.48514050750088,-0.0002910388050012154,-0.008388643833098277,0.26469225109374567,-0.008388643833098277
hayward,0.9,0.6928203230275509,0.002,0.42760331892076203,-2.8219715661989446e-05,-0.0014930501990608122,0.42757509920510006,-0.0014930501990608122,1.388503755685131e-09,1.9172705683403235e-09,0.032,33.94112300692998,8.485136342825117,-2.8219715661989446e-05,-0.0014930501990608122,0.42757509920510006,-0.0014930501990608122
hayward,0.9,0.6928203230275509,0.004,0.42760331892076203,-0.00011135352502250456,-0.002988482696651708,0.4274919653957395,-0.002988482696651708,7.034257848581129e-08,9.713027773892995e-08,0.064,33.94112300692998,8.485136342825117,-0.00011135352502250456,-0.002988482696651708,0.4274919653957395,-0.002988482696651708
hayward,0.9,0.6928203230275509,0.006,0.42760331892076203,-0.0002355822647530924,-0.004488682451778032,0.42736773665600897,-0.004488682451778032,7.914996399543769e-07,1.0929167157916246e-06,0.096,33.94112300692998,8.485136342825117,-0.0002355822647530924,-0.004488682451778032,0.42736773665600897,-0.004488682451778032
hayward,0.95,0.731310340973526,0.001,0.5331517667648312,-5.76795142790262e-06,-0.0003775461758943124,0.5331459988134033,-0.0003775461758943124,1.2709687868603933e-10,1.7549762024759882e-10,0.016,33.941122722846906,8.485134076747245,-5.76795142790262e-06,-0.0003775461758943124,0.5331459988134033,-0.0003775461758943124
hayward,0.95,0.731310340973526,0.002,0.5331517667648312,-2.305366948556936e-05,-0.0007553340668252597,0.5331287130953457,-0.0007553340668252597,1.4553315375814074e-09,2.00954755272114e-09,0.032,33.941122722846906,8.485134076747245,-2.305366948556936e-05,-0.0007553340668252597,0.5331287130953457,-0.0007553340668252597
hayward,0.95,0.731310340973526,0.003,0.5331517667648312,-5.1640763987350305e-05,-0.0011336050608235174,0.5331001260008439,-0.0011336050608235174,1.3050858156831216e-08,1.8020855999210655e-08,0.048,33.941122722846906,8.485134076747245,-5.1640763987350305e-05,-0.0011336050608235174,0.5331001260008439,-0.0011336050608235174
hayward,0.95,0.731310340973526,0.004,0.5331517667648312,-9.06944141310988e-05,-0.0015126013882525045,0.5330610723507001,-0.0015126013882525045,7.059243627089488e-08,9.74752857921537e-08,0.064,33.941122722846906,8.485134076747245,-9.06944141310988e-05,-0.0015126013882525045,0.5330610723507001,-0.0015126013882525045
hayward,0.95,0.731310340973526,0.005,0.5331517667648312,-0.00013803268323733808,-0.0018925645933153667,0.5330137340815939,-0.0018925645933153667,2.664051870592226e-07,3.678569988072398e-07,0.08,33.941122722846906,8.485134076747245,-0.00013803268323733808,-0.0018925645933153667,0.5330137340815939,-0.0018925645933153667
hayward,0.95,0.731310340973526,0.006,0.5331517667648312,-0.00018912394363099615,-0.002273737996665103,0.5329626428212002,-0.002273737996665103,7.919927039620872e-07,1.0935975473027201e-06,0.096,33.941122722846906,8.485134076747245,-0.00018912394363099615,-0.002273737996665103,0.5329626428212002,-0.002273737996665103
hayward,0.99,0.762102355330306,0.002,0.6311933446920934,-1.6580892004914547e-05,-0.00014570420962269805,0.6311767638000885,-0.00014570420962269805,1.4154615203594868e-09,1.9544943270679954e-09,0.032,33.94112248456721,8.485132175689339,-1.6580892004914547e-05,-0.00014570420962269805,0.6311767638000885,-0.00014570420962269805
hayward,0.99,0.762102355330306,0.004,0.6311933446920934,-6.482387081667974e-05,-0.00029272498858438456,0.6311285208212768,-0.00029272498858438456,7.07264550287778e-08,9.766034126571471e-08,0.064,33.94112248456721,8.485132175689339,-6.482387081667974e-05,-0.00029272498858438456,0.6311285208212768,-0.00029272498858438456
hayward,0.99,0.762102355330306,0.006,0.6311933446920934,-0.00013095334125411216,-0.00044237193502017494,0.6310623913508393,-0.00044237193502017494,7.929443916087784e-07,1.0949116544542363e-06,0.096,33.94112248456721,8.485132175689339,-0.00013095334125411216,-0.00044237193502017494,0.6310623913508393,-0.00044237193502017494
