model,ell_over_ell_ext,omega_M,k_static,metric_ratio_real,metric_ratio_imag,metric_ratio_static_real,metric_ratio_static_imag,delta_real,delta_imag,k_dynamic_real,k_dynamic_imag,window_fit_rms,window_max_residual
hayward,0.5,0.0,1.8859049961570225,nan,0.0,nan,0.0,0.0,0.0,1.8859049961570225,0.0,0.0,0.0
hayward,0.5,0.0005,1.8859049961570225,-0.37883588970865584,0.0007388285320626325,-0.37861653606928225,0.0,0.00021935363937358732,-0.0007388285320626325,1.886124349796396,-0.0007388285320626325,9.255859735192222e-11,1.2780654989071216e-10
hayward,0.5,0.001,1.8859049961570225,-0.378838593666561,0.0014776895089822152,-0.37861653606928225,0.0,0.0002220575972787242,-0.0014776895089822152,1.8861270537543011,-0.0014776895089822152,4.0332585045329866e-10,5.56919474883359e-10
hayward,0.5,0.0015,1.8859049961570225,-0.37884310316008024,0.0022166153814067624,-0.37861653606928225,0.0,0.0002265670907979911,-0.0022166153814067624,1.8861315632478204,-0.0022166153814067624,7.835607366248486e-10,1.0819545374986436e-09
hayward,0.5,0.002,1.8859049961570225,-0.37884942875405836,0.0029556385859216125,-0.37861653606928225,0.0,0.00023289268477610925,-0.0029556385859216125,1.8861378888417986,-0.0029556385859216125,8.088458280103552e-10,1.1168686393177394e-09
hayward,0.5,0.0025,1.8859049961570225,-0.37885759694096893,0.003694791592953464,-0.37861653606928225,0.0,0.00024106087168668244,-0.003694791592953464,1.8861460570287092,-0.003694791592953464,6.160660723479335e-10,8.506749396151939e-10
hayward,0.5,0.003,1.8859049961570225,-0.3788676637554258,0.00443410683439302,-0.37861653606928225,0.0,0.0002511276861435485,-0.00443410683439302,1.886156123843166,-0.00443410683439302,5.853320739335198e-09,8.082368905774828e-09
hayward,0.5,0.0035,1.8859049961570225,-0.37887972969002104,0.005173616806149775,-0.37861653606928225,0.0,0.0002631936207387886,-0.005173616806149775,1.8861681897777611,-0.005173616806149775,1.9091944455849553e-08,2.636249491402501e-08
hayward,0.5,0.004,1.8859049961570225,-0.3788939594963497,0.005913353976824475,-0.37861653606928225,0.0,0.00027742342706743583,-0.005913353976824475,1.88618241958409,-0.005913353976824475,4.723493787818313e-08,6.522283848340364e-08
hayward,0.5,0.0045,1.8859049961570225,-0.37891060553223876,0.006653350775070349,-0.37861653606928225,0.0,0.00029406946295651437,-0.006653350775070349,1.886199065619979,-0.006653350775070349,1.0085450590060542e-07,1.3926168730537284e-07
hayward,0.5,0.005,1.8859049961570225,-0.37893003222646654,0.007393639762902142,-0.37861653606928225,0.0,0.0003134961571842898,-0.007393639762902142,1.8862184923142067,-0.007393639762902142,1.9515408800004987e-07,2.6947221977582415e-07
hayward,0.5,0.0055,1.8859049961570225,-0.37895274910390636,0.008134253403244305,-0.37861653606928225,0.0,0.000336213034624111,-0.008134253403244305,1.8862412091916465,-0.008134253403244305,3.51474228882913e-07,4.853218378446408e-07
hayward,0.5,0.006,1.8859049961570225,-0.37897944196159067,0.008875224217468208,-0.37861653606928225,0.0,0.0003629058923084183,-0.008875224217468208,1.886267902049331,-0.008875224217468208,5.98536819703239e-07,8.264702373181304e-07
hayward,0.9,0.0,6.020093685634705,nan,0.0,nan,0.0,0.0,0.0,6.020093685634705,0.0,0.0,0.0
hayward,0.9,0.0005,6.020093685634705,1.0673782231752662,0.00015282907673537809,1.0685238173244396,0.0,0.0011455941491733679,-0.00015282907673537809,6.021239279783878,-0.00015282907673537809,5.965927581814795e-10,8.237858427512916e-10
hayward,0.9,0.001,6.020093685634705,1.0673614151665856,0.0003056739110237555,1.0685238173244396,0.0,0.0011624021578540145,-0.0003056739110237555,6.021256087792558,-0.0003056739110237555,2.2261061334996504e-09,3.073846760783868e-09
hayward,0.9,0.0015,6.020093685634705,1.0673333976160433,0.0004585501247639496,1.0685238173244396,0.0,0.0011904197083962842,-0.0004585501247639496,6.021284105343101,-0.0004585501247639496,4.880031472292287e-09,6.738433854495344e-09
hayward,0.9,0.002,6.020093685634705,1.0672941619031637,0.0006114734486519383,1.0685238173244396,0.0,0.0012296554212758437,-0.0006114734486519383,6.0213233410559805,-0.0006114734486519383,8.136002513350869e-09,1.123433631266377e-08
hayward,0.9,0.0025,6.020093685634705,1.067243681513947,0.0007644596733278699,1.0685238173244396,0.0,0.0012801358104925775,-0.0007644596733278699,6.021373821445197,-0.0007644596733278699,1.0802747855174747e-08,1.4916625493530738e-08
hayward,0.9,0.003,6.020093685634705,1.067181899102739,0.0009175243857196394,1.0685238173244396,0.0,0.0013419182217004888,-0.0009175243857196394,6.021435603856405,-0.0009175243857196394,1.0492284317555618e-08,1.4487931944247992e-08
hayward,0.9,0.0035,6.020093685634705,1.0671087175118834,0.0010706835081188723,1.0685238173244396,0.0,0.0014150998125561642,-0.0010706835081188723,6.021508785447261,-0.0010706835081188723,3.1635595770868618e-09,4.368299072812972e-09
hayward,0.9,0.004,6.020093685634705,1.067023970702282,0.0012239525978307748,1.0685238173244396,0.0,0.00149984662215763,-0.0012239525978307748,6.021593532256862,-0.0012239525978307748,1.809945175845592e-08,2.4992043425960296e-08
hayward,0.9,0.0045,6.020093685634705,1.066927407690558,0.0013773475124861571,1.0685238173244396,0.0,0.0015964096338816347,-0.0013773475124861571,6.021690095268586,-0.0013773475124861571,6.405557879533799e-08,8.844907725922986e-08
hayward,0.9,0.005,6.020093685634705,1.066818663887151,0.0015308840732891848,1.0685238173244396,0.0,0.001705153437288498,-0.0015308840732891848,6.021798839071993,-0.0015308840732891848,1.4970907272689454e-07,2.0672093811453394e-07
hayward,0.9,0.0055,6.020093685634705,1.0666972309333957,0.001684577597953888,1.0685238173244396,0.0,0.0018265863910438274,-0.001684577597953888,6.021920272025748,-0.001684577597953888,2.9652027255233514e-07,4.0944044202217184e-07
hayward,0.9,0.006,6.020093685634705,1.0665624262774442,0.0018384443713101498,1.0685238173244396,0.0,0.001961391046995331,-0.0018384443713101498,6.0220550766817,-0.0018384443713101498,5.330928946845848e-07,7.361041070138463e-07
hayward,0.97,0.0,6.965891425695239,nan,0.0,nan,0.0,0.0,0.0,6.965891425695239,0.0,0.0,0.0
hayward,0.97,0.0005,6.965891425695239,1.4258235282928167,4.889796060298133e-05,1.427459207603685,0.0,0.0016356793108682766,-4.889796060298133e-05,6.967527105006107,-4.889796060298133e-05,6.37250110572558e-10,8.799262347444484e-10
hayward,0.97,0.001,6.965891425695239,1.425803120637543,9.780702520947353e-05,1.427459207603685,0.0,0.0016560869661419453,-9.780702520947353e-05,6.9675475126613815,-9.780702520947353e-05,2.7048075037379853e-09,3.734846087882863e-09
hayward,0.97,0.0015,6.965891425695239,1.4257691077882668,0.00014673888103381127,1.427459207603685,0.0,0.0016900998154181224,-0.00014673888103381127,6.967581525510657,-0.00014673888103381127,6.397896610869916e-09,8.834328910543627e-09
hayward,0.97,0.002,6.965891425695239,1.4257214736634432,0.00019570384216653164,1.427459207603685,0.0,0.0017377339402417924,-0.00019570384216653164,6.9676291596354805,-0.00019570384216653164,1.0235618551927122e-08,1.4133523310962282e-08
hayward,0.97,0.0025,6.965891425695239,1.4256602010368362,0.00024471464760868834,1.427459207603685,0.0,0.0017990065668487265,-0.00024471464760868834,6.967690432262088,-0.00024471464760868834,1.421033930288804e-08,1.9621888093518968e-08
hayward,0.97,0.003,6.965891425695239,1.4255852236122732,0.00029378094975698036,1.427459207603685,0.0,0.0018739839914116985,-0.00029378094975698036,6.967765409686651,-0.00029378094975698036,1.5256215206438513e-08,2.1066052057682595e-08
hayward,0.97,0.0035,6.965891425695239,1.4254964510509875,0.00034291490096005254,1.427459207603685,0.0,0.001962756552697398,-0.00034291490096005254,6.967854182247937,-0.00034291490096005254,9.669852943640368e-09,1.3352304142648301e-08
hayward,0.97,0.004,6.965891425695239,1.4253937139658095,0.0003921276917597843,1.427459207603685,0.0,0.0020654936378754485,-0.0003921276917597843,6.967956919333115,-0.0003921276917597843,9.434686531497698e-09,1.3027582196976901e-08
hayward,0.97,0.0045,6.965891425695239,1.4252767635434955,0.00044142963436802205,1.427459207603685,0.0,0.0021824440601894146,-0.00044142963436802205,6.968073869755429,-0.00044142963436802205,5.3055162930305325e-08,7.325950827814841e-08
hayward,0.97,0.005,6.965891425695239,1.4251452349865246,0.0004908342033726358,1.427459207603685,0.0,0.002313972617160376,-0.0004908342033726358,6.968205398312399,-0.0004908342033726358,1.3615464767117756e-07,1.8800474802588004e-07
hayward,0.97,0.0055,6.965891425695239,1.42499861982222,0.000540350397645572,1.427459207603685,0.0,0.0024605877814649624,-0.000540350397645572,6.968352013476704,-0.000540350397645572,2.7997325655751406e-07,3.865920293831466e-07
hayward,0.97,0.006,6.965891425695239,1.4248362326072679,0.000589990653417288,1.427459207603685,0.0,0.00262297499641706,-0.000589990653417288,6.968514400691657,-0.000589990653417288,5.135568987740321e-07,7.091284579890245e-07
fan_wang,0.5,0.0,0.7460815195120083,nan,0.0,nan,0.0,0.0,0.0,0.7460815195120083,0.0,0.0,0.0
fan_wang,0.5,0.0005,0.7460815195120083,-2.374996010520694,0.00025022152914159384,-2.3740269300924353,0.0,0.0009690804282587173,-0.00025022152914159384,0.747050599940267,-0.00025022152914159384,3.233394549384663e-11,4.4647284379498424e-11
fan_wang,0.5,0.001,0.7460815195120083,-2.3749979366537763,0.0005004533759372075,-2.3740269300924353,0.0,0.0009710065613410812,-0.0005004533759372075,0.7470525260733494,-0.0005004533759372075,8.502229533978308e-11,1.1740029065271202e-10
fan_wang,0.5,0.0015,0.7460815195120083,-2.3750011501276536,0.0007507058517856906,-2.3740269300924353,0.0,0.0009742200352182984,-0.0007507058517856906,0.7470557395472266,-0.0007507058517856906,3.18424363583789e-10,4.396859987107469e-10
fan_wang,0.5,0.002,0.7460815195120083,-2.3750056604851544,0.001000989275554213,-2.3740269300924353,0.0,0.0009787303927191182,-0.001000989275554213,0.7470602499047274,-0.001000989275554213,1.1308748103085193e-09,1.561531959407142e-09
fan_wang,0.5,0.0025,0.7460815195120083,-2.3750114936869773,0.0012513139571763152,-2.3740269300924353,0.0,0.0009845635945420206,-0.0012513139571763152,0.7470660831065503,-0.0012513139571763152,3.5965680170864238e-09,4.966204792686972e-09
fan_wang,0.5,0.003,0.7460815195120083,-2.3750187038520876,0.0015016902178226813,-2.3740269300924353,0.0,0.0009917737596523146,-0.0015016902178226813,0.7470732932716606,-0.0015016902178226813,9.994443527229006e-09,1.3800504566957183e-08
fan_wang,0.5,0.0035,0.7460815195120083,-2.375027387686418,0.0017521283870474082,-2.3740269300924353,0.0,0.0010004575939825955,-0.0017521283870474082,0.7470819771059909,-0.0017521283870474082,2.4372801721711973e-08,3.365439612056777e-08
fan_wang,0.5,0.004,0.7460815195120083,-2.375037703418939,0.0020026388224261174,-2.3740269300924353,0.0,0.0010107733265036778,-0.0020026388224261174,0.747092292838512,-0.0020026388224261174,5.335328723969531e-08,7.367116360284098e-08
fan_wang,0.5,0.0045,0.7460815195120083,-2.375049895067295,0.002253231747814828,-2.3740269300924353,0.0,0.0010229649748598746,-0.002253231747814828,0.7471044844868682,-0.002253231747814828,1.0719223752792044e-07,1.4801293934143444e-07
fan_wang,0.5,0.005,0.7460815195120083,-2.375064313571568,0.0025039176248873763,-2.3740269300924353,0.0,0.0010373834791326253,-0.0025039176248873763,0.7471189029911409,-0.0025039176248873763,2.0059100283290455e-07,2.7697960803375346e-07
fan_wang,0.5,0.0055,0.7460815195120083,-2.3750814494106764,0.0027547066913541206,-2.3740269300924353,0.0,0.0010545193182411872,-0.0027547066913541206,0.7471360388302495,-0.0027547066913541206,3.5414003345877314e-07,4.890028279991855e-07
fan_wang,0.5,0.006,0.7460815195120083,-2.3751019637196786,0.003005609309076481,-2.3740269300924353,0.0,0.0010750336272433714,-0.003005609309076481,0.7471565531392517,-0.003005609309076481,5.955800476520251e-07,8.223874741222644e-07
fan_wang,0.9,0.0,4.552107999485091,nan,0.0,nan,0.0,0.0,0.0,4.552107999485091,0.0,0.0,0.0
fan_wang,0.9,0.0005,4.552107999485091,-3.8812738153177717,1.629727456475477e-05,-3.8782698575092907,0.0,0.0030039578084810614,-1.629727456475477e-05,4.555111957293572,-1.629727456475477e-05,1.7838325193254787e-10,2.463147524187088e-10
fan_wang,0.9,0.001,4.552107999485091,-3.8812824852978483,3.259570278753139e-05,-3.8782698575092907,0.0,0.003012627788557598,-3.259570278753139e-05,4.555120627273649,-3.259570278753139e-05,1.1492378778974336e-11,1.5868880080772205e-11
fan_wang,0.9,0.0015,4.552107999485091,-3.8812969375166952,4.889655243020531e-05,-3.8782698575092907,0.0,0.0030270800074045923,-4.889655243020531e-05,4.555135079492495,-4.889655243020531e-05,4.2657164268201544e-10,5.890176763516736e-10
fan_wang,0.9,0.002,4.552107999485091,-3.8813171825818378,6.520081341642086e-05,-3.8782698575092907,0.0,0.0030473250725471246,-6.520081341642086e-05,4.555155324557638,-6.520081341642086e-05,1.4304227097818476e-09,1.9751530022696164e-09
fan_wang,0.9,0.0025,4.552107999485091,-3.881343244917491,8.150977861422996e-05,-3.8782698575092907,0.0,0.00307338740820029,-8.150977861422996e-05,4.555181386893291,-8.150977861422996e-05,3.853198051292481e-09,5.3205640873325935e-09
fan_wang,0.9,0.003,4.552107999485091,-3.881375177629372,9.782451127501735e-05,-3.8782698575092907,0.0,0.0031053201200812452,-9.782451127501735e-05,4.555213319605172,-9.782451127501735e-05,1.0997645002205945e-08,1.5185742924572532e-08
fan_wang,0.9,0.0035,4.552107999485091,-3.8814130733217738,0.00011414665897582047,-3.8782698575092907,0.0,0.0031432158124831133,-0.00011414665897582047,4.555251215297574,-0.00011414665897582047,2.5029261564993176e-08,3.4560847494266557e-08
fan_wang,0.9,0.004,4.552107999485091,-3.8814570851721664,0.00013047700590266873,-3.8782698575092907,0.0,0.0031872276628757135,-0.00013047700590266873,4.555295227147966,-0.00013047700590266873,5.3514050782443305e-08,7.389314874878305e-08
fan_wang,0.9,0.0045,4.552107999485091,-3.881507452543493,0.0001468160132972161,-3.8782698575092907,0.0,0.0032375950342022897,-0.0001468160132972161,4.555345594519293,-0.0001468160132972161,1.0645108889363177e-07,1.4698954818551946e-07
fan_wang,0.9,0.005,4.552107999485091,-3.8815645102587597,0.0001631667229265753,-3.8782698575092907,0.0,0.0032946527494690514,-0.0001631667229265753,4.55540265223456,-0.0001631667229265753,1.9750854435177944e-07,2.727232947902506e-07
fan_wang,0.9,0.0055,4.552107999485091,-3.8816287402314704,0.00017952793345694332,-3.8782698575092907,0.0,0.003358882722179768,-0.00017952793345694332,4.55546688220727,-0.00017952793345694332,3.4753598828558394e-07,4.798838455039596e-07
fan_wang,0.9,0.006,4.552107999485091,-3.881700776557282,0.00019590298489060906,-3.8782698575092907,0.0,0.00343091904799131,-0.00019590298489060906,4.555538918533082,-0.00019590298489060906,5.823379111490028e-07,8.041024975960682e-07
fan_wang,0.97,0.0,5.740814987847592,nan,0.0,nan,0.0,0.0,0.0,5.740814987847592,0.0,0.0,0.0
fan_wang,0.97,0.0005,5.740814987847592,-4.183321509779548,3.2909195466143675e-06,-4.179642009744071,0.0,0.0036795000354770124,-3.2909195466143675e-06,5.744494487883069,-3.2909195466143675e-06,2.4996442922202944e-09,3.451553093134186e-09
fan_wang,0.97,0.001,5.740814987847592,-4.183331736693647,6.582711586688083e-06,-4.179642009744071,0.0,0.0036897269495765883,-6.582711586688083e-06,5.744504714797168,-6.582711586688083e-06,1.6958166528440728e-09,2.34161365747818e-09
fan_wang,0.97,0.0015,5.740814987847592,-4.183348780031975,9.874645857385306e-06,-4.179642009744071,0.0,0.0037067702879038933,-9.874645857385306e-06,5.7445217581354955,-9.874645857385306e-06,1.2539888341727729e-09,1.7315299832056814e-09
fan_wang,0.97,0.002,5.740814987847592,-4.1833726659109,1.3167494349365653e-05,-4.179642009744071,0.0,0.003730656166829327,-1.3167494349365653e-05,5.744545644014421,-1.3167494349365653e-05,2.752567100491569e-09,3.8007933845786095e-09
fan_wang,0.97,0.0025,5.740814987847592,-4.183403421138311,1.646339729252261e-05,-4.179642009744071,0.0,0.003761411394240355,-1.646339729252261e-05,5.744576399241832,-1.646339729252261e-05,6.334494351991861e-09,8.746781948937757e-09
fan_wang,0.97,0.003,5.740814987847592,-4.183441077461706,1.975816120522471e-05,-4.179642009744071,0.0,0.0037990677176349408,-1.975816120522471e-05,5.7446140555652265,-1.975816120522471e-05,1.467366874197451e-08,2.026166158584323e-08
fan_wang,0.97,0.0035,5.740814987847592,-4.183485723026459,2.3061784704618926e-05,-4.179642009744071,0.0,0.003843713282388528,-2.3061784704618926e-05,5.74465870112998,-2.3061784704618926e-05,2.8407905369745613e-08,3.9226138676418146e-08
fan_wang,0.97,0.004,5.740814987847592,-4.18353754450328,2.636249631372369e-05,-4.179642009744071,0.0,0.0038955347592093403,-2.636249631372369e-05,5.744710522606801,-2.636249631372369e-05,5.701204761195058e-08,7.872324470053768e-08
fan_wang,0.97,0.0045,5.740814987847592,-4.183596723719331,2.9670595331602333e-05,-4.179642009744071,0.0,0.003954713975260482,-2.9670595331602333e-05,5.744769701822852,-2.9670595331602333e-05,1.0953177096844922e-07,1.5124340853580715e-07
fan_wang,0.97,0.005,5.740814987847592,-4.183663655425491,3.298026907335483e-05,-4.179642009744071,0.0,0.004021645681420161,-3.298026907335483e-05,5.744836633529012,-3.298026907335483e-05,2.0248997024919834e-07,2.7960173586191143e-07
fan_wang,0.97,0.0055,5.740814987847592,-4.183738767960444,3.630070645663571e-05,-4.179642009744071,0.0,0.004096758216372898,-3.630070645663571e-05,5.7449117460639645,-3.630070645663571e-05,3.4944262348386474e-07,4.82516561141392e-07
fan_wang,0.97,0.006,5.740814987847592,-4.1838227301498385,3.961993741829337e-05,-4.179642009744071,0.0,0.004180720405767779,-3.961993741829337e-05,5.744995708253359,-3.961993741829337e-05,5.831624262855173e-07,8.052410026939619e-07
